{
  "Fastball__0-0": {
    "mean": 0.050729829483948975,
    "std": 0.09698786867790869
  },
  "Fastball__0-1": {
    "mean": 0.03452463419947388,
    "std": 0.039398397442577615
  },
  "Fastball__0-2": {
    "mean": 0.06770243703880731,
    "std": 0.11729876448186614
  },
  "Sinker__0-0": {
    "mean": 0.04705731550949913,
    "std": 0.060422207236774966
  },
  "Sinker__0-1": {
    "mean": 0.06910535463053595,
    "std": 0.07395970685033486
  },
  "Sinker__0-2": {
    "mean": 0.07455871988050754,
    "std": 0.09746019372278078
  },
  "Sinker__1-2": {
    "mean": 0.08415169949459313,
    "std": 0.1149791774450278
  },
  "Sinker__2-2": {
    "mean": 0.08736542637180923,
    "std": 0.09595364269926747
  },
  "Cutter__0-0": {
    "mean": 0.08099746805097637,
    "std": 0.13668459841041944
  },
  "Cutter__0-2": {
    "mean": 0.14645651214190625,
    "std": 0.19422673634780924
  },
  "Cutter__0-1": {
    "mean": 0.11299644887447358,
    "std": 0.1542512010526091
  },
  "Cutter__1-2": {
    "mean": 0.11036372600876271,
    "std": 0.1663399887196849
  },
  "Cutter__2-2": {
    "mean": 0.12889317818756763,
    "std": 0.1730438776256667
  },
  "Slider__0-0": {
    "mean": 0.08961083767441323,
    "std": 0.09828936143848643
  },
  "Slider__0-1": {
    "mean": 0.13425075570627734,
    "std": 0.12408179066206666
  },
  "Slider__0-2": {
    "mean": 0.1467180341252322,
    "std": 0.1262447816091417
  },
  "Slider__1-2": {
    "mean": 0.15930286553784187,
    "std": 0.14679954808302015
  },
  "Slider__2-2": {
    "mean": 0.16557986989143317,
    "std": 0.13251339000834128
  },
  "Curveball__0-0": {
    "mean": 0.06176500584175462,
    "std": 0.07849497419775321
  },
  "Curveball__0-1": {
    "mean": 0.10801244778315285,
    "std": 0.12188861959583998
  },
  "Curveball__0-2": {
    "mean": 0.10968962915901748,
    "std": 0.12384674353336052
  },
  "Curveball__1-2": {
    "mean": 0.13132745571341853,
    "std": 0.14662189511694326
  },
  "Curveball__2-2": {
    "mean": 0.1364298734525203,
    "std": 0.14572146801047275
  },
  "Changeup__0-0": {
    "mean": 0.06986979270108362,
    "std": 0.0759153577620019
  },
  "Changeup__0-1": {
    "mean": 0.1101450734284084,
    "std": 0.10411381964032236
  },
  "Changeup__0-2": {
    "mean": 0.10607285984704255,
    "std": 0.11625252878387723
  },
  "Changeup__1-2": {
    "mean": 0.11528189040597425,
    "std": 0.12340255081199744
  },
  "Changeup__2-2": {
    "mean": 0.10717153587734136,
    "std": 0.10810028225140196
  }
}