{
  "Fastball": {
    "mean": 0.041642798579180205,
    "std": 0.06585339157347848
  },
  "Sinker": {
    "mean": 0.04644344268415105,
    "std": 0.05548310458881274
  },
  "Cutter": {
    "mean": 0.07330708569819891,
    "std": 0.11810502016951174
  },
  "Slider": {
    "mean": 0.09109196785552602,
    "std": 0.09714828416819457
  },
  "Curveball": {
    "mean": 0.06707356782356763,
    "std": 0.08193278528037666
  },
  "Changeup": {
    "mean": 0.06973011226320285,
    "std": 0.07521366834612994
  }
}